prob_pred,prob_true
0.38777665083334595,0.0
0.4464371218153852,0.1206896551724138
0.5612375233956132,0.9583333333333334
0.6067094060786263,1.0
