prob_pred,prob_true
0.4751998561990298,0.0
0.5610564323586257,1.0
