prob_pred,prob_true
0.24511454364712026,0.0
0.304693756176485,0.0
0.6940587189582309,1.0
0.7034674978455089,1.0
