prob_pred,prob_true
0.23999210837766363,0.0
0.7156285920855868,1.0
