prob_pred,prob_true
0.47484674039635655,0.0
0.5700142686193078,1.0
