prob_pred,prob_true
0.45041158956773164,0.0
0.5887891053653049,1.0
0.6119207261221264,1.0
