prob_pred,prob_true
0.24922045242253063,0.0
0.7264021766912326,1.0
