prob_pred,prob_true
0.2511029358511933,0.0
0.3171066565890202,0.0
0.7110801547231125,1.0
