prob_pred,prob_true
0.23846947390672676,0.0
0.7214980196063036,1.0
