prob_pred,prob_true
0.4468881017431589,0.0
0.5886771772264966,1.0
0.612579961161932,1.0
