prob_pred,prob_true
0.23907952460846219,0.0
0.3085660917805061,0.0
0.7285090914950544,1.0
