prob_pred,prob_true
0.44793835259512854,0.0
0.583057239947256,1.0
0.6062970154485904,1.0
