prob_pred,prob_true
0.4661504683414058,0.0
0.5797368085163621,1.0
