prob_pred,prob_true
0.48237934541323674,0.0
0.5511086551588723,1.0
