prob_pred,prob_true
0.23550842413715892,0.0
0.7163666923019649,1.0
