prob_pred,prob_true
0.24109293228440679,0.0
0.711383436586714,1.0
