prob_pred,prob_true
0.47381083755567704,0.0
0.5700995591414529,1.0
